Image,Texte_extrait
1.jpg,CP
10.jpg,STOP
100.jpg,the
11.jpg,FMERGENGY
12.jpg,llOS4
13.jpg,"Se va, Ss ie ee - S me = ; BY Sp ee. - > y A ~ 9 ~ 7 Pasties oa = ae a"
14.jpg,THE
15.jpg,RAB
16.jpg,BUTLER
17.jpg,BUILDING
18.jpg,No
19.jpg,
2.jpg,
20.jpg,beyond
21.jpg,thi
22.jpg,point
23.jpg,MEMDOrEX-
24.jpg,KR
25.jpg,Part
26.jpg,Mo
27.jpg,RTC
28.jpg,european
29.jpg,top
3.jpg,postgrad
30.jpg,2O
31.jpg,powered
32.jpg,bras ay
33.jpg,Méacarav PINOICA
34.jpg,COMPACT
35.jpg,OISE
36.jpg,Rec: car ctsetite
37.jpg,rez. iy ae dre
38.jpg,PROFESSIONAL
39.jpg,RECORDABLE
4.jpg,study
40.jpg,COMPACT
41.jpg,DISC
42.jpg,UNIVERSAL
43.jpg,COMPATIBILITY
44.jpg,GSO
45.jpg,MB
46.jpg,7OO
47.jpg,MB
48.jpg,lX
49.jpg,Pax
5.jpg,VMAARA/
50.jpg,COMPATIBLE
51.jpg,7OO
52.jpg,ca > 4 pan Le
53.jpg,"PA À | ; } ; "" em it Bs"
54.jpg,"M , mars ATP Noe. TITTY TT . , *"
55.jpg,Se) L.
56.jpg,ailes 2 Pars . wee = . en Pe == 2
57.jpg,Imported
58.jpg,Memorex
59.jpg,a we Product
6.jpg,nrNsSnNects
60.jpg,Europe
61.jpg,S
62.jpg,O244GO
63.jpg,OOOBB /
64.jpg,MH ESCO
65.jpg,RACE
66.jpg,FOR
67.jpg,LIFE
68.jpg,CANCER
69.jpg,RESEARCH
7.jpg,ac
70.jpg,WK
71.jpg,TESCO
72.jpg,ba ad A t PP aw
73.jpg,Washing
74.jpg,af di
75.jpg,liquid
76.jpg,SAFETY
77.jpg,NO TIC
78.jpg,jt
79.jpg,x tev
8.jpg,uk
80.jpg,"""x ce R"
81.jpg,trapped
82.jpg,n
83.jpg,the
84.jpg,itt
85.jpg,mease
86.jpg,ES es
87.jpg,the
88.jpg,aisirr
89.jpg,button
9.jpg,we Pit |
90.jpg,at
91.jpg,l? 3 pam 32O
92.jpg,
93.jpg,247 O NN at
94.jpg,m'et 43.S
95.jpg,To TR
96.jpg,alle t B Ee
97.jpg,ye |
98.jpg,Ry 3
99.jpg,at
